name,ra,dec
NGC5055,198.9555,42.02922
NGC5584,215.59905,-0.38759
