name,ra,dec
NGC5055,198.9555,44.037962
NGC5055,198.9555,44.037962
