name,ra,dec
#IC0010,5.09625,59.2931
#IC0342,56.7054,68.10139
#NGC5055,198.9555,42.02922
#NGC5584,215.59905,-0.38759
NGC3031,148.88805,69.06544
#NGC4472,187.44495,8.00039
